phenotype,n_patients,platelet_count,platelet_slope,pt_ratio,d_dimer,mortality_rate
0,15,189.6,0.0018519658500593431,0.9984097327518007,1.5491845473448116,0.5333333333333333
1,24,186.04166666666666,-0.015012042625759787,0.9846857080358054,1.6708070422062844,0.375
2,11,197.0,0.02915266697612982,1.0606933013417905,1.4956126767007554,0.6363636363636364
