phenotype,n_patients,platelet_count,platelet_slope,pt_ratio,d_dimer,mortality_rate
1,37,185.1891891891892,-0.011929448496337362,0.9851830944137694,1.6585559993444883,0.40540540540540543
0,13,201.84615384615384,0.03304303044881275,1.0634196004297358,1.4171003608527106,0.6923076923076923
